feature,importance
pm10,0.647356265783187
temperature,0.14647025109136025
pm25_roll3,0.09311190169313767
pm25_roll6,0.029984719746023212
hour,0.02826121649072052
pm10_lag1,0.010062270439323739
day_of_week,0.00837555403229602
pm25_lag1,0.00824297003337046
pm25_lag2,0.004961181325638197
pm25_std6,0.004665049631993461
pm25_lag4,0.004374236830073289
pm25_lag5,0.004012552314583767
pm25_lag6,0.0038202413091763207
pm25_lag3,0.003262723355516742
humidity,0.00303886592359923
